{
  "B (instant K=1)": {
    "early": {
      "n_samples": 32,
      "sparsity": 0.11675405202968271,
      "active_frac": 0.3774121062832521,
      "mean_abs": 0.22516857555433317,
      "rho_abs_lag1": 0.08001831159877461,
      "rho_abs_lag4": 0.03788028715803385,
      "rho_abs_lag8": 0.02779224169606109,
      "kw": {
        "1": 0.3774121062832521,
        "2": 0.5616856284418905,
        "4": 0.7383294566754504,
        "8": 0.8783638487302655,
        "16": 0.9567984002852205,
        "32": 0.9878998684937477,
        "64": 0.9969094888106238
      }
    },
    "mid": {
      "n_samples": 40,
      "sparsity": 0.14480587618048268,
      "active_frac": 0.3540006013634997,
      "mean_abs": 0.21598145201088043,
      "rho_abs_lag1": 0.08171854355733578,
      "rho_abs_lag4": 0.039047683288926924,
      "rho_abs_lag8": 0.01790964746551508,
      "kw": {
        "1": 0.3540006013634997,
        "2": 0.5343137555777883,
        "4": 0.7166473228815485,
        "8": 0.8667900149370248,
        "16": 0.9543861594082396,
        "32": 0.9885977875750511,
        "64": 0.9967652063349601
      }
    },
    "late": {
      "n_samples": 160,
      "sparsity": 0.19267535730722823,
      "active_frac": 0.31413649198313287,
      "mean_abs": 0.17370772719701916,
      "rho_abs_lag1": 0.08036325156850985,
      "rho_abs_lag4": 0.03730425189410956,
      "rho_abs_lag8": 0.025571084821850838,
      "kw": {
        "1": 0.31413649198313287,
        "2": 0.4797864332549488,
        "4": 0.6564425578529371,
        "8": 0.8161813265547705,
        "16": 0.9267570199642915,
        "32": 0.9786064833966379,
        "64": 0.994300734206968
      }
    }
  },
  "R4 (mean K=4)": {
    "early": {
      "n_samples": 72,
      "sparsity": 0.16362028402552747,
      "active_frac": 0.34104575208033844,
      "mean_abs": 0.20315290940263483,
      "rho_abs_lag1": 0.07611298133125817,
      "rho_abs_lag4": 0.03788907200955974,
      "rho_abs_lag8": 0.03200319881522362,
      "kw": {
        "1": 0.34104575208033844,
        "2": 0.5144455563562839,
        "4": 0.6913495873840318,
        "8": 0.8431951347154335,
        "16": 0.9416411623786333,
        "32": 0.9860578263008853,
        "64": 0.9981791381253794
      }
    },
    "mid": {
      "n_samples": 80,
      "sparsity": 0.17913577958981963,
      "active_frac": 0.3161786508524833,
      "mean_abs": 0.18768820383029738,
      "rho_abs_lag1": 0.08560551234625739,
      "rho_abs_lag4": 0.033844039024863395,
      "rho_abs_lag8": 0.02502411355777409,
      "kw": {
        "1": 0.3161786508524833,
        "2": 0.4834404349975284,
        "4": 0.6627905539070228,
        "8": 0.8249381188118812,
        "16": 0.9325210813492063,
        "32": 0.9806306025896414,
        "64": 0.9937813755020081
      }
    },
    "late": {
      "n_samples": 80,
      "sparsity": 0.20393325463015854,
      "active_frac": 0.299303730784366,
      "mean_abs": 0.1637068178083302,
      "rho_abs_lag1": 0.07938801595164141,
      "rho_abs_lag4": 0.04391463118150572,
      "rho_abs_lag8": 0.03207216782616497,
      "kw": {
        "1": 0.299303730784366,
        "2": 0.4620890841449014,
        "4": 0.6379562229251623,
        "8": 0.801283111003726,
        "16": 0.9182371905144182,
        "32": 0.975760328569418,
        "64": 0.994823716088084
      }
    }
  },
  "R3b (mean K=8 + mask)": {
    "early": {
      "n_samples": 72,
      "sparsity": 0.17607345945047828,
      "active_frac": 0.3278582351963813,
      "mean_abs": 0.19951599955667687,
      "rho_abs_lag1": 0.0743407164929076,
      "rho_abs_lag4": 0.03609459520237893,
      "rho_abs_lag8": 0.02537036690738192,
      "kw": {
        "1": 0.3278582351963813,
        "2": 0.49587062769850665,
        "4": 0.6694989735149901,
        "8": 0.8214376696206273,
        "16": 0.9243714924565481,
        "32": 0.9757345077713127,
        "64": 0.9934222987516143
      }
    },
    "mid": {
      "n_samples": 80,
      "sparsity": 0.17237510642810377,
      "active_frac": 0.32248407036396104,
      "mean_abs": 0.189336295606913,
      "rho_abs_lag1": 0.07993916549924056,
      "rho_abs_lag4": 0.032111208789764416,
      "rho_abs_lag8": 0.025665714250244047,
      "kw": {
        "1": 0.32248407036396104,
        "2": 0.49304088766729076,
        "4": 0.675281531358333,
        "8": 0.8382644091176408,
        "16": 0.9426261117984063,
        "32": 0.9865327374038662,
        "64": 0.9970745901460207
      }
    },
    "late": {
      "n_samples": 80,
      "sparsity": 0.21411663094590705,
      "active_frac": 0.2912798694859409,
      "mean_abs": 0.15866204203005943,
      "rho_abs_lag1": 0.0789581840243157,
      "rho_abs_lag4": 0.04296200003548176,
      "rho_abs_lag8": 0.03148700609502535,
      "kw": {
        "1": 0.2912798694859409,
        "2": 0.4502607749656033,
        "4": 0.6255210167429651,
        "8": 0.7918859157186349,
        "16": 0.911107543110369,
        "32": 0.970418856608519,
        "64": 0.9917287121630848
      }
    }
  },
  "R5 (mean K=8 + soft)": {
    "early": {
      "n_samples": 72,
      "sparsity": 0.17158999743961764,
      "active_frac": 0.334843389946232,
      "mean_abs": 0.2019499091468358,
      "rho_abs_lag1": 0.07401882114261017,
      "rho_abs_lag4": 0.03907060748303103,
      "rho_abs_lag8": 0.026890980075469792,
      "kw": {
        "1": 0.334843389946232,
        "2": 0.5049529968960537,
        "4": 0.6775910545968863,
        "8": 0.8286032808861197,
        "16": 0.9297332488135825,
        "32": 0.9785030943297568,
        "64": 0.9957557327082517
      }
    },
    "mid": {
      "n_samples": 80,
      "sparsity": 0.17677190501882137,
      "active_frac": 0.3205118664458956,
      "mean_abs": 0.18887790420430314,
      "rho_abs_lag1": 0.07644426203010882,
      "rho_abs_lag4": 0.034465342889524644,
      "rho_abs_lag8": 0.026050609363101763,
      "kw": {
        "1": 0.3205118664458956,
        "2": 0.4898829498861754,
        "4": 0.669831753892747,
        "8": 0.8321519757971834,
        "16": 0.938395174693283,
        "32": 0.9851480817183604,
        "64": 0.9972185997870638
      }
    },
    "late": {
      "n_samples": 80,
      "sparsity": 0.2111003240326302,
      "active_frac": 0.2918153392255998,
      "mean_abs": 0.16035903870877338,
      "rho_abs_lag1": 0.08184790050641083,
      "rho_abs_lag4": 0.04191616802032784,
      "rho_abs_lag8": 0.029305211934288894,
      "kw": {
        "1": 0.2918153392255998,
        "2": 0.4511779097776601,
        "4": 0.627607156826871,
        "8": 0.7935912495421419,
        "16": 0.9119195575411642,
        "32": 0.9715285984776283,
        "64": 0.9934627752937106
      }
    }
  }
}