{
  "B (instant K=1)": {
    "p_active": 0.3418963962392941,
    "p_cond": [
      1.0,
      0.49421685166424945,
      0.45550242024843995,
      0.4398334500058336,
      0.4245671106183717,
      0.410747636278744,
      0.40845933796485495,
      0.40522665888021026,
      0.40128951230732157,
      0.40055359581662686,
      0.39784506373497935,
      0.399412585573277,
      0.3964147647965858,
      0.39326516142707824,
      0.3943208901756079,
      0.39390836959303815,
      0.39290912947751094,
      0.3922650316802997,
      0.39123307720453715,
      0.3898693408483695,
      0.3897626264844997,
      0.3900265119889851,
      0.38901871726310394,
      0.38855183328936954,
      0.39063106902844247,
      0.3862939995015467,
      0.3882029474301635,
      0.3863913049855523,
      0.3876320422535211,
      0.3855585231274947,
      0.3853103281251147,
      0.3865950247003296,
      0.3859070750976534
    ],
    "lift": [
      2.924862651374944,
      1.445516411112874,
      1.332282016595556,
      1.2864524307474512,
      1.2418004848498496,
      1.2013804204922383,
      1.1946874622187398,
      1.1852323199001817,
      1.1737167069361507,
      1.1715642522779868,
      1.1636421679523252,
      1.1682269540323766,
      1.1594587400071166,
      1.1502465827449992,
      1.1533344443315565,
      1.1521278782866748,
      1.1492052381930138,
      1.1473213406021177,
      1.1443030154980405,
      1.1403142739635637,
      1.1400021491063157,
      1.1407739779626243,
      1.1378263168086418,
      1.1364607453113404,
      1.1425422242679588,
      1.129856891592325,
      1.1354403020921557,
      1.130141496768267,
      1.133770482863518,
      1.1277057242148918,
      1.1269797879221723,
      1.1307373489533679,
      1.128725190854472
    ]
  },
  "opd-4b-A (instant)": {
    "p_active": 0.3131686101069776,
    "p_cond": [
      1.0,
      0.4922605190924568,
      0.44344925244768,
      0.42438420435292584,
      0.4045462247305241,
      0.39190774551806246,
      0.3864512400213804,
      0.3828398329356646,
      0.3802829758101324,
      0.37577978620272917,
      0.3748918501771701,
      0.37184415358525025,
      0.3722770899381162,
      0.37220175625540947,
      0.37328995045478075,
      0.37278726893845465,
      0.37284964715505164,
      0.37065915944009087,
      0.3713804537977493,
      0.3726123381568926,
      0.3704103483695747,
      0.3702741175087825,
      0.36835460122165187,
      0.3688997840323255,
      0.36826932707423393,
      0.3684150930248763,
      0.36676960333810993,
      0.36530511789586484,
      0.3654086598153723,
      0.3636854786355695,
      0.36451733784172413,
      0.36386811692726034,
      0.3624247654162799
    ],
    "lift": [
      3.1931680498195605,
      1.5718705617536248,
      1.4160079846323004,
      1.355130082187858,
      1.2917840794846334,
      1.2514272914650921,
      1.2340037524494223,
      1.2224719227284224,
      1.2143074482472196,
      1.19992800707058,
      1.197092678123481,
      1.1873608707406187,
      1.1887433092701956,
      1.1885027561615014,
      1.1919775431109325,
      1.1903723965537654,
      1.1905715806820074,
      1.1835769852970726,
      1.1858801993944625,
      1.1898138131711513,
      1.1827824897362589,
      1.1823474817041777,
      1.176218143625004,
      1.1779590039573578,
      1.1759458489419934,
      1.1764113041183362,
      1.1711569790242462,
      1.1664806309006435,
      1.1668112576498315,
      1.161308850562435,
      1.1639651168014762,
      1.1618920453201358,
      1.1572831813906141
    ]
  },
  "R4 (mean K=4)": {
    "p_active": 0.3167818349186867,
    "p_cond": [
      1.0,
      0.4800074405338583,
      0.4385558234550769,
      0.42619302408536114,
      0.4096669613910993,
      0.39901477832512317,
      0.3971584428080358,
      0.3887030555145946,
      0.38810616116687235,
      0.38480293195018167,
      0.38429992776755134,
      0.38209038714038207,
      0.38100086267865607,
      0.3782884507743019,
      0.3764930015552099,
      0.37758903640789915,
      0.37409657769237353,
      0.374150824468706,
      0.37354921573969563,
      0.3712488125457462,
      0.37306550980193626,
      0.3706880433766477,
      0.3717039645929435,
      0.3708177786783674,
      0.37145775026700867,
      0.36764786151506884,
      0.3665733294854495,
      0.36831306220207677,
      0.3654593405221517,
      0.3667327474517272,
      0.3657394033556366,
      0.3628958569252997,
      0.36377201068699905
    ],
    "lift": [
      3.15674666212059,
      1.5152618856983047,
      1.3844096318453605,
      1.3453834062005439,
      1.2932148129524372,
      1.2595885696146196,
      1.2537285886672782,
      1.2270370730517708,
      1.22515282881196,
      1.2147253710079524,
      1.2131375142334015,
      1.206162554233765,
      1.2027232015259128,
      1.1941608043005465,
      1.188493025971171,
      1.1919529303339655,
      1.1809281229411361,
      1.1810993662712543,
      1.1792002399240482,
      1.171938449820017,
      1.1776733028195785,
      1.170168243617245,
      1.1733752495257643,
      1.170577785097908,
      1.1725980132742033,
      1.1605711596734665,
      1.157179134275624,
      1.162671029721819,
      1.1536625533340943,
      1.157682376408553,
      1.1545466407488818,
      1.145570285046331,
      1.1483360805090796
    ]
  },
  "R3b (mean K=8 + mask)": {
    "p_active": 0.31340776094218287,
    "p_cond": [
      1.0,
      0.48018003913894325,
      0.43847822172112216,
      0.4220995340459689,
      0.40682891675740035,
      0.3929665405375763,
      0.39078820551798715,
      0.38894462122043355,
      0.3839683945662483,
      0.382710822592279,
      0.3816204262793871,
      0.37833746431148624,
      0.37784298188493914,
      0.37564152868241385,
      0.3760106124114978,
      0.37005079728976437,
      0.37044831675082257,
      0.3701644005624023,
      0.37009364884824486,
      0.36914940433156257,
      0.3670476160533224,
      0.3669687988868537,
      0.3670582499842738,
      0.36627815527872154,
      0.36588838716782834,
      0.3635805674897314,
      0.3621359987407524,
      0.3622173067688941,
      0.36317111385807305,
      0.3621422834013198,
      0.35993289066376805,
      0.3576189200686971,
      0.35864177587253054
    ],
    "lift": [
      3.1907314515561054,
      1.532125553290068,
      1.399066252867976,
      1.34680625896765,
      1.298081820100338,
      1.253850700302442,
      1.2469002182434128,
      1.2410178358416135,
      1.225140032946033,
      1.2211274584960936,
      1.2176482966858884,
      1.2071732466806446,
      1.205595486050019,
      1.1985712400775927,
      1.1997488871402384,
      1.180732717585864,
      1.182001095432868,
      1.1810951951208695,
      1.1808694454012558,
      1.1778566147239182,
      1.1711503727600254,
      1.1708988883480511,
      1.1711843027779656,
      1.1686952300657678,
      1.1674515846955271,
      1.1600879518641032,
      1.1554787209228008,
      1.1557381530054565,
      1.158781495283617,
      1.1554987735869358,
      1.1484491946903896,
      1.1410659359347208,
      1.1443295941184188
    ]
  },
  "R5 (mean K=8 + soft)": {
    "p_active": 0.3172034579420932,