{
  "B (instant K=1)": {
    "n_rollouts": 29,
    "n_samples": 928,
    "rho": [
      1.0,
      0.03703555875485966,
      0.02657530950749764,
      0.019921464961681776,
      0.015309964774602926,
      0.010659656677390423,
      0.012162442274464023,
      0.013861869024584104,
      0.010682615189275253,
      0.00964482548986058,
      0.009359939950469336,
      0.00978613567610569,
      0.009873019877497637,
      0.008035121863987523,
      0.006536422422526012,
      0.006504222488018843,
      0.005952503935944595,
      0.008192972221051992,
      0.006218701918119577,
      0.007395951837449999,
      0.005341741621318779,
      0.005640915093430951,
      0.006946731030166261,
      0.0070789626010434505,
      0.006199921392757575,
      0.00805343717865843,
      0.005152008167256935,
      0.00618472394021845,
      0.0075389507173492295,
      0.005357383162447965,
      0.005316089344081257,
      0.005741478317924433,
      0.007055846110508346
    ],
    "snr": {
      "1": [
        0.10335004025232193,
        0.5709280899053863
      ],
      "2": [
        0.10337032968259907,
        0.4113195910370832
      ],
      "4": [
        0.10334278334607327,
        0.2985368100025772
      ],
      "8": [
        0.10337027869331554,
        0.21785961348562485
      ],
      "16": [
        0.10342205594865962,
        0.1603306247318899
      ],
      "32": [
        0.10345819660337564,
        0.11905256541751487
      ]
    },
    "effective_K_at_rho_0.1": 1
  },
  "opd-4b-A (instant)": {
    "n_rollouts": 29,
    "n_samples": 928,
    "rho": [
      1.0,
      0.04927398093327338,
      0.035918569926589004,
      0.028831930073796665,
      0.023788042291656385,
      0.020823671006145968,
      0.016840326190994823,
      0.018097313015655626,
      0.015502093307980391,
      0.013212508885109518,
      0.01485348382509002,
      0.013335853192416884,
      0.012904888912020617,
      0.012377411897615738,
      0.012794287044186054,
      0.013020813206434775,
      0.013386485640846671,
      0.012513205889630232,
      0.010766379471767161,
      0.010968293786683125,
      0.01227495990391286,
      0.010693490520216085,
      0.009738348044975125,
      0.008902670655013194,
      0.009957378721918684,
      0.009356826693777836,
      0.009821055030495313,
      0.010009950199884881,
      0.00839994770325063,
      0.011334902947568434,
      0.010577286291529703,
      0.009304703095956735,
      0.008606929074944342
    ],
    "snr": {
      "1": [
        0.11998545601016432,
        0.5513545562429695
      ],
      "2": [
        0.12000078895075147,
        0.39938712765629225
      ],
      "4": [
        0.11998616251160257,
        0.2922400930637393
      ],
      "8": [
        0.12001566276254229,
        0.21584883206513286
      ],
      "16": [
        0.12004674304525349,
        0.16098783832691155
      ],
      "32": [
        0.12001941019670138,
        0.12189199492018188
      ]
    },
    "effective_K_at_rho_0.1": 1
  },
  "R4 (mean K=4 no mask)": {
    "n_rollouts": 29,
    "n_samples": 928,
    "rho": [
      1.0,
      0.03337272776146521,
      0.024557921797531378,
      0.017898354449854756,
      0.01716950409866934,
      0.015301778949116534,
      0.01143827809480413,
      0.01374207201642121,
      0.01219314375786938,
      0.010166174719609412,
      0.010717763795006559,
      0.008965166139916762,
      0.010632942086684279,
      0.011312463893099589,
      0.008020524059715027,
      0.007202682774465985,
      0.007188168650132786,
      0.00616494485809742,
      0.00607684290088587,
      0.009970550832986506,
      0.0071446070020323715,
      0.008675228181177929,
      0.007853608193747212,
      0.0049208064762817786,
      0.008681700555725163,
      0.006619493693001699,
      0.004880327251585104,
      0.007410450022147908,
      0.007742770077427561,
      0.004462167471430845,
      0.007365676337274651,
      0.007693192714751775,
      0.007165955503965729
    ],
    "snr": {
      "1": [
        0.10394134677749636,
        0.581465993084697
      ],
      "2": [
        0.10395450598386956,
        0.41817246909875017
      ],
      "4": [
        0.10390947793361338,
        0.3029525173049928
      ],
      "8": [
        0.10392795474622812,
        0.22135366376875798
      ],
      "16": [
        0.1039714813716987,
        0.16331545667141115
      ],
      "32": [
        0.10390658259032992,
        0.12167217582404705
      ]
    },
    "effective_K_at_rho_0.1": 1
  },
  "R3b (mean K=8 + mask)": {
    "n_rollouts": 29,
    "n_samples": 928,
    "rho": [
      1.0,
      0.03298559186164489,
      0.021289196972689876,
      0.01819009445674364,
      0.012794659165308708,
      0.01234072919870382,
      0.012668898348394181,
      0.009998500952060962,
      0.010280431006479206,
      0.009420809514845783,
      0.010763666985730098,
      0.007209840726817481,
      0.009576280561280575,
      0.008351587084112695,
      0.005547362509792063,
      0.007429593581285744,
      0.009757860034740325,
      0.008524172574254656,
      0.007411884637195802,
      0.00948729314360698,
      0.008540866216409499,
      0.006527631818263529,
      0.007203350180607791,
      0.006487782025943906,
      0.00651418686567533,
      0.0076424024765385425,
      0.005620628680742316,
      0.0058296634526325474,
      0.007574712948433457,
      0.006539325493241638,
      0.004753171457488669,
      0.006125501061661522,
      0.006425010998152147
    ],
    "snr": {
      "1": [
        0.10271466207135924,
        0.5759432235595114
      ],
      "2": [
        0.10273226358652594,
        0.4141193839033226
      ],
      "4": [
        0.10268088297929202,
        0.2994570753620807
      ],
      "8": [
        0.10269405344014113,
        0.2179816069243217
      ],
      "16": [
        0.1027575109295226,
        0.16000783520332656
      ],
      "32": [
        0.1027504748338068,
        0.11911210547614566
      ]
    },
    "effective_K_at_rho_0.1": 1
  },
  "R5 (mean K=8 + soft)": {
    "n_rollouts": 27,
    "n_samples": 864,
    "rho": [
      1.0,
      0.03166638786488991,
      0.024950935450354237,
      0.018834031970417792,
      0.016847674996024978,
      0.013976170751266049,
      0.012636317016582639,
      0.011817571050919807,
      0.011135475714241208,
      0.009822576118370277,
      0.010926245000952437,
      0.010216442340796867,
      0.01198317143875066,
      0.0070038091024729665,
      0.007693175118663002,
      0.008542707516138464,
      0.008878387018255954,
      0.0072673887016521015,
      0.008258880044963616,
      0.00847591122167547,
      0.008752713471945431,
      0.006957063536673465,
      0.005554744859304085,
      0.008039179566288749,
      0.008704171199069213,
      0.006096383859198261,
      0.008100340779451237,
      0.004364329190646184,
      0.007234070758635105,
      0.0060334397475702494,
      0.004735804464471868,
      0.00465374467871552,
      0.005436381552950975
    ],
    "snr": {
      "1": [
        0.10655962219279409,
        0.589586450667778
      ],
      "2": [
        0.10657395073432027,
        0.42359678194494493
      ],
      "4": [
        0.10652536353197187,
        0.3067988018807235
      ],
      "8": [
        0.10655002366313104,
        0.22402888420138714
      ],
      "16": [
        0.10663052516330722,
        0.16509609944743708
      ],
      "32": [
        0.10660832871358455,
        0.12302500224060399
      ]
    },
    "effective_K_at_rho_0.1": 1
  }
}